freq,uaarea,unit,geo\TIME_PERIOD	2005 	2007 	2010 	2013 	2016 	2020 	2023 
A,HA0,HLD,AT	580 	870 	1080 	820 	1070 	540 	420 
A,HA0,HLD,BE	920 	900 	950 	420 	680 	700 	: 
A,HA0,HLD,BG	14080 	11210 	13150 	9550 	16570 	5460 	6210 i
A,HA0,HLD,CH	1090 	980 	1340 	: 	870 	670 	: 
A,HA0,HLD,CY	320 	260 	490 	230 	240 	390 	300 
A,HA0,HLD,CZ	1070 	910 	290 	290 	360 	470 	440 
A,HA0,HLD,DE	1270 	1280 	1410 	2870 	3770 	3920 	3880 
A,HA0,HLD,DK	400 	420 	860 	900 	840 	1000 	: 
A,HA0,HLD,EE	60 	80 	150 	430 	620 	240 	190 
A,HA0,HLD,EL	5430 	6030 	6190 	5910 	6200 	5390 	6990 
A,HA0,HLD,ES	16610 	13920 	22500 	20700 	18100 	7960 	13180 i
A,HA0,HLD,EU27_2020	: 	204690 	248620 	165540 	216500 	126500 	: 
A,HA0,HLD,FI	360 	370 	400 	270 	230 	250 	: 
A,HA0,HLD,FR	5570 	5390 	9490 	8500 	8210 	4500 	4070 
A,HA0,HLD,HR	: 	4200 	230 	340 	1780 	2990 	3090 
A,HA0,HLD,HU	52420 	60370 	37640 	33670 	64890 	18270 	7630 
A,HA0,HLD,IE	80 	200 	130 	30 	: 	: 	: 
A,HA0,HLD,IS	: 	: 	30 	: 	: 	: @C	: 
A,HA0,HLD,IT	2940 	1670 	5290 	880 	1750 	12500 	: 
A,HA0,HLD,LT	60 	70 	260 	70 	190 	1690 	1600 i
A,HA0,HLD,LU	10 	10 	20 	20 	20 	50 	40 
A,HA0,HLD,LV	540 	260 	320 	1080 	290 	1720 	: 
A,HA0,HLD,ME	: 	: 	590 	: 	: 	: 	: 
A,HA0,HLD,MK	: 	: 	: 	1890 	: 	: 	: 
A,HA0,HLD,MT	190 	240 	340 	360 	220 	290 	170 
A,HA0,HLD,NL	1480 	1800 	1700 	1690 	1320 	1360 	1310 
A,HA0,HLD,NO	1210 	1500 	1790 	1600 	1050 	1210 	: 
A,HA0,HLD,PL	10650 	10840 	7960 	7450 	5540 	4190 	: 
A,HA0,HLD,PT	1300 	890 	1400 	840 	1250 	4040 	2800 
A,HA0,HLD,RO	134910 	79560 	134710 	65890 	79840 	45570 	39000 
A,HA0,HLD,RS	: 	: 	10110 	: 	: 	: 	: 
A,HA0,HLD,SE	800 	450 	740 	700 	700 	520 	620 
A,HA0,HLD,SI	30 	40 	190 	100 	80 	860 	: 
A,HA0,HLD,SK	2130 	2470 	740 	1520 	1750 	1660 	640 
A,HA0,HLD,UK	38320 	17630 	2540 	2010 	1110 	: 	: 
A,HA10-19,HLD,AT	38670 	35340 	32590 	30290 	27470 	25480 	23890 
A,HA10-19,HLD,BE	8310 	7680 	6800 	6840 	6530 	6310 	: 
A,HA10-19,HLD,BG	4760 	5480 	6820 	6780 	7100 	9810 	8200 i
A,HA10-19,HLD,CH	22050 	20950 	19350 	: 	15780 	14790 	: 
A,HA10-19,HLD,CY	1480 	1470 	1010 	900 	1010 	1040 	930 
A,HA10-19,HLD,CZ	4370 	4030 	3950 	4610 	4470 	4300 	4680 
A,HA10-19,HLD,DE	72540 	68670 	63160 	59020 	57050 	52570 	50290 
A,HA10-19,HLD,DK	10600 	8430 	7790 	6870 	6190 	5490 	: 
A,HA10-19,HLD,EE	4390 	4180 	3470 	3340 	2700 	2260 	2070 
A,HA10-19,HLD,EL	52970 	55360 	45580 	45560 	41960 	37250 	37230 
A,HA10-19,HLD,ES	126140 	122440 	110960 	110800 	112280 	103590 	93590 i
A,HA10-19,HLD,EU27_2020	: 	972620 	888070 	859790 	838130 	789450 	: 
A,HA10-19,HLD,FI	15920 	14790 	13340 	11050 	10000 	8810 	: 
A,HA10-19,HLD,FR	57980 	52180 	50150 	44770 	40870 	36990 	34560 
A,HA10-19,HLD,HR	: 	10710 	14070 	12610 	9470 	10210 	10290 
A,HA10-19,HLD,HU	18990 	17210 	19430 	20160 	20060 	19540 	19590 
A,HA10-19,HLD,IE	30090 	30480 	33580 	34200 	33560 	30870 	: 
A,HA10-19,HLD,IS	: 	: 	30 	: 	: 	70 	: 
A,HA10-19,HLD,IT	130740 	122750 	120120 	114850 	119540 	109550 	: 
A,HA10-19,HLD,LT	36250 	24670 	21470 	20070 	19320 	17070 	15370 i
A,HA10-19,HLD,LU	190 	190 	170 	170 	160 	160 	150 
A,HA10-19,HLD,LV	22260 	20760 	17490 	15790 	14560 	9910 	: 
A,HA10-19,HLD,ME	: 	: 	1160 	: 	: 	: 	: 
A,HA10-19,HLD,MK	: 	: 	: 	1950 	: 	: 	: 
A,HA10-19,HLD,MT	30 	20 	40 	40 	30 	40 	30 
A,HA10-19,HLD,NL	12990 	12150 	10820 	10060 	8650 	8100 	7750 
A,HA10-19,HLD,NO	16760 	15190 	13440 	12060 	11030 	9760 	: 
A,HA10-19,HLD,PL	237940 	239270 	218510 	208990 	202350 	192640 	: 
A,HA10-19,HLD,PT	21500 	19890 	18980 	18360 	19040 	18980 	19340 
A,HA10-19,HLD,RO	65910 	70130 	43610 	49650 	50210 	56200 	55850 
A,HA10-19,HLD,RS	: 	: 	32880 	: 	: 	: 	: 
A,HA10-19,HLD,SE	14780 	14140 	14180 	13600 	12760 	11890 	11330 
A,HA10-19,HLD,SI	8820 	8550 	8350 	8190 	8230 	7950 	: 
A,HA10-19,HLD,SK	1200 	1660 	1630 	2220 	2540 	2480 	2140 
A,HA10-19,HLD,UK	30600 	30590 	28690 	28550 	28460 	: 	: 
A,HA100-249,HLD,AT	2250 	2540 	2440 	2260 	2390 	2170 	2260 
A,HA100-249,HLD,BE	1720 	1870 	2130 	2080 	2340 	2580 	: 
A,HA100-249,HLD,BG	1590 	1800 	2300 	2700 	2720 	3980 	3860 i
A,HA100-249,HLD,CH	80 	90 	110 	: 	190 	280 	: 
A,HA100-249,HLD,CY	90 	120 	110 	90 	110 	140 	180 
A,HA100-249,HLD,CZ	1680 	1670 	1770 	1940 	1980 	2230 	2940 
A,HA100-249,HLD,DE	23250 	24580 	25740 	26780 	27870 	28710 	29050 
A,HA100-249,HLD,DK	6340 	6580 	6110 	5680 	5230 	4640 	: 
A,HA100-249,HLD,EE	730 	860 	940 	980 	1020 	1020 	1170 
A,HA100-249,HLD,EL	1250 	1130 	1330 	1290 	970 	930 	880 
A,HA100-249,HLD,ES	35320 	36220 	37140 	38170 	38070 	39540 	40280 i
A,HA100-249,HLD,EU27_2020	: 	205840 	219630 	226620 	233580 	247530 	: 
A,HA100-249,HLD,FI	2570 	3030 	3630 	4180 	4540 	5330 	: 
A,HA100-249,HLD,FR	78470 	81210 	83500 	85860 	87160 	87710 	87330 
A,HA100-249,HLD,HR	: 	450 	680 	1070 	1340 	1210 	1220 
A,HA100-249,HLD,HU	3700 	4080 	4630 	4650 	5460 	6510 	7520 
A,HA100-249,HLD,IE	3710 	4190 	4290 	4350 	4490 	5360 	: 
A,HA100-249,HLD,IS	: 	: 	620 	: 	: 	240 	: 
A,HA100-249,HLD,IT	10120 	10230 	12520 	12200 	14040 	15060 	: 
A,HA100-249,HLD,LT	1680 	2010 	2630 	3260 	3740 	4060 	4130 i
A,HA100-249,HLD,LU	350 	390 	410 	430 	450 	480 	480 
A,HA100-249,HLD,LV	1320 	1490 	1640 	1780 	1990 	2290 	: 
A,HA100-249,HLD,ME	: 	: 	360 	: 	: 	: 	: 
A,HA100-249,HLD,MK	: 	: 	: 	60 	: 	: 	: 
A,HA100-249,HLD,NL	1640 	1810 	2030 	2210 	2450 	2830 	3010 
A,HA100-249,HLD,NO	300 	400 	490 	620 	720 	900 	: 
A,HA100-249,HLD,PL	4300 	4900 	6350 	7730 	8860 	10560 	: 
A,HA100-249,HLD,PT	3140 	3000 	3390 	3460 	3590 	4160 	3990 
A,HA100-249,HLD,RO	3620 	4350 	6720 	6300 	5710 	9230 	9200 
A,HA100-249,HLD,RS	: 	: 	1390 	: 	: 	: 	: 
A,HA100-249,HLD,SE	6630 	6520 	6390 	6230 	6120 	5760 	5560 
A,HA100-249,HLD,SI	60 	70 	70 	80 	90 	110 	: 
A,HA100-249,HLD,SK	610 	730 	760 	840 	870 	940 	990 
A,HA100-249,HLD,UK	28480 	28570 	28280 	29090 	27330 	: 	: 
A,HA2-4,HLD,AT	36130 	35340 	30220 	27670 	26410 	15210 	10120 
A,HA2-4,HLD,BE	6190 	5580 	4450 	3460 	3220 	2990 	: 
A,HA2-4,HLD,BG	40490 	39240 	30390 	27810 	20090 	22280 	15730 i
A,HA2-4,HLD,CH	5620 	5260 	4880 	: 	3880 	3430 	: 
A,HA2-4,HLD,CY	8140 	7170 	5620 	5260 	4850 	5410 	4710 
A,HA2-4,HLD,CZ	7140 	6380 	1260 	1880 	1890 	2720 	3290 
A,HA2-4,HLD,DE	61080 	58730 	11690 	9720 	9140 	7990 	7390 
A,HA2-4,HLD,DK	790 	750 	950 	870 	340 	4430 	: 
A,HA2-4,HLD,EE	7700 	5440 	4250 	4140 	3240 	720 	690 
A,HA2-4,HLD,EL	223360 	228630 	183820 	179470 	176610 	140230 	140800 
A,HA2-4,HLD,ES	264110 	262730 	232800 	232440 	230340 	200830 	177050 i
A,HA2-4,HLD,EU27_2020	: 	3019340 	2468020 	2299130 	2236520 	1925860 	: 
A,HA2-4,HLD,FI	4450 	4540 	4340 	2150 	990 	560 	: 
A,HA2-4,HLD,FR	67490 	61180 	62690 	56280 	54410 	34500 	28620 
A,HA2-4,HLD,HR	: 	46800 	57450 	48220 	40840 	42770 	41710 
A,HA2-4,HLD,HU	57340 	47490 	46060 	42550 	42110 	41470 	38490 
A,HA2-4,HLD,IE	7440 	6690 	7380 	7390 	7640 	6090 	: 
A,HA2-4,HLD,IS	: 	: 	20 	: 	: 	: @C	: 
A,HA2-4,HLD,IT	417250 	397120 	357670 	313930 	318400 	275700 	: 
A,HA2-4,HLD,LT	103400 	107530 	84830 	67100 	52680 	40560 	37240 i
A,HA2-4,HLD,LU	250 	170 	160 	140 	140 	120 	140 
A,HA2-4,HLD,LV	31270 	25290 	18390 	16150 	11950 	16880 	: 
A,HA2-4,HLD,ME	: 	: 	7630 	: 	: 	: 	: 
A,HA2-4,HLD,MK	: 	: 	: 	31750 	: 	: 	: 
A,HA2-4,HLD,MT	970 	820 	1120 	1110 	1190 	1070 	970 
A,HA2-4,HLD,NL	11680 	10910 	11000 	9860 	5570 	5350 	5260 
A,HA2-4,HLD,NO	4170 	3640 	3410 	3490 	3390 	3190 	: 
A,HA2-4,HLD,PL	532990 	580230 	468200 	444220 	461600 	434350 	: 
A,HA2-4,HLD,PT	84080 	71390 	77060 	68450 	66620 	72760 	68860 
A,HA2-4,HLD,RO	1014110 	965590 	727390 	691260 	660000 	519440 	519020 
A,HA2-4,HLD,RS	: 	: 	185090 	: 	: 	: 	: 
A,HA2-4,HLD,SE	10000 	9740 	7630 	6320 	5340 	5050 	5050 
A,HA2-4,HLD,SI	27860 	25850 	24920 	24810 	24050 	22910 	: 
A,HA2-4,HLD,SK	5650 	8000 	6290 	6450 	6880 	3490 	3640 
A,HA2-4,HLD,UK	33840 	16100 	8020 	8240 	10780 	: 	: 
A,HA20-29,HLD,AT	18820 	18240 	17110 	16680 	15110 	15190 	14370 
A,HA20-29,HLD,BE	6200 	5650 	5080 	4930 	4670 	4480 	: 
A,HA20-29,HLD,BG	1570 	1940 	2950 	3210 	3900 	5690 	5310 i
A,HA20-29,HLD,CH	11760 	11640 	11400 	: 	10880 	10990 	: 
A,HA20-29,HLD,CY	430 	430 	370 	310 	310 	400 	380 
A,HA20-29,HLD,CZ	2130 	2130 	2060 	2360 	2370 	2320 	2460 
A,HA20-29,HLD,DE	37070 	33970 	30970 	28920 	26660 	25050 	23980 
A,HA20-29,HLD,DK	6200 	4840 	4310 	3950 	3500 	2970 	: 
A,HA20-29,HLD,EE	1650 	1700 	1480 	1400 	1170 	1000 	860 
A,HA20-29,HLD,EL	16480 	17750 	14670 	15080 	13380 	13460 	13870 
A,HA20-29,HLD,ES	57550 	59150 	53010 	51550 	50190 	50450 	48070 i
A,HA20-29,HLD,EU27_2020	: 	382930 	364710 	357040 	345390 	341930 	: 
A,HA20-29,HLD,FI	11970 	10960 	9730 	8230 	7200 	6150 	: 
A,HA20-29,HLD,FR	40350 	36860 	33280 	31610 	27470 	24170 	20990 
A,HA20-29,HLD,HR	: 	3210 	4400 	3880 	3160 	3500 	3790 
A,HA20-29,HLD,HU	7570 	6240 	7950 	8350 	8450 	8240 	9220 
A,HA20-29,HLD,IE	22520 	24090 	24690 	24570 	24290 	23000 	: 
A,HA20-29,HLD,IS	: 	: 	40 	: 	: 	90 	: 
A,HA20-29,HLD,IT	44120 	42430 	46690 	44690 	47180 	45120 	: 
A,HA20-29,HLD,LT	9020 	7540 	6640 	6520 	6880 	6160 	5130 i
A,HA20-29,HLD,LU	130 	130 	120 	120 	110 	100 	90 
A,HA20-29,HLD,LV	6540 	6420 	5670 	5320 	4990 	3690 	: 
A,HA20-29,HLD,ME	: 	: 	330 	: 	: 	: 	: 
A,HA20-29,HLD,MK	: 	: 	: 	380 	: 	: 	: 
A,HA20-29,HLD,MT	: @C	: @C	10 	10 	10 	: @C	5 
A,HA20-29,HLD,NL	9150 	8350 	7540 	6890 	6280 	5600 	5280 
A,HA20-29,HLD,NO	10190 	9540 	8440 	7690 	6970 	6130 	: 
A,HA20-29,HLD,PL	62860 	64400 	59970 	62040 	60820 	61340 	: 
A,HA20-29,HLD,PT	7150 	6720 	6420 	6750 	7150 	7000 	7210 
A,HA20-29,HLD,RO	10130 	9550 	9730 	10260 	10990 	18160 	18560 
A,HA20-29,HLD,RS	: 	: 	7720 	: 	: 	: 	: 
A,HA20-29,HLD,SE	8200 	7660 	7140 	6590 	5960 	5450 	4950 
A,HA20-29,HLD,SI	1710 	1890 	2020 	2050 	2180 	2120 	: 
A,HA20-29,HLD,SK	520 	680 	730 	770 	1000 	1100 	1080 
A,HA20-29,HLD,UK	19660 	19750 	17890 	17460 	18000 	: 	: 
A,HA30-49,HLD,AT	15380 	15090 	15150 	14660 	15520 	16080 	16030 
A,HA30-49,HLD,BE	8110 	7690 	7090 	6810 	6480 	6150 	: 
A,HA30-49,HLD,BG	1330 	1630 	3060 	3410 	4340 	6650 	6170 i
A,HA30-49,HLD,CH	6440 	6710 	6980 	: 	7740 	7340 	: 
A,HA30-49,HLD,CY	360 	360 	290 	290 	280 	360 	330 
A,HA30-49,HLD,CZ	2240 	2330 	2310 	2370 	2380 	2570 	2830 
A,HA30-49,HLD,DE	51390 	47970 	45100 	42530 	39780 	36010 	34530 
A,HA30-49,HLD,DK	7250 	5630 	4900 	4360 	3830 	3340 	: 
A,HA30-49,HLD,EE	1300 	1320 	1170 	1180 	1120 	1040 	930 
A,HA30-49,HLD,EL	11730 	12500 	10850 	11120 	10030 	10180 	10540 
A,HA30-49,HLD,ES	53880 	52520 	54730 	53550 	52200 	51030 	48600 i
A,HA30-49,HLD,EU27_2020	: 	380030 	374680 	364140 	356430 	353860 	: 
A,HA30-49,HLD,FI	14190 	13220 	12000 	10670 	9180 	7940 	: 
A,HA30-49,HLD,FR	69130 	62360 	55240 	47440 	46990 	39750 	36860 
A,HA30-49,HLD,HR	: 	1950 	3500 	3030 	3160 	3190 	3260 
A,HA30-49,HLD,HU	6400 	6140 	7440 	7490 	7760 	8070 	9120 
A,HA30-49,HLD,IE	28700 	26310 	30670 	30290 	28740 	27390 	: 
A,HA30-49,HLD,IS	: 	: 	90 	: 	: 	160 	: 
A,HA30-49,HLD,IT	37510 	40990 	40920 	39870 	42670 	41170 	: 
A,HA30-49,HLD,LT	5970 	5440 	5870 	5560 	5370 	5100 	4830 i
A,HA30-49,HLD,LU	290 	260 	240 	210 	200 	170 	180 
A,HA30-49,HLD,LV	4220 	4360 	3950 	4140 	3760 	3260 	: 
A,HA30-49,HLD,ME	: 	: 	310 	: 	: 	: 	: 
A,HA30-49,HLD,MK	: 	: 	: 	110 	: 	: 	: 
A,HA30-49,HLD,MT	: 	: @C	: @C	: @C	: 	: @C	: 
A,HA30-49,HLD,NL	13610 	12640 	11680 	10980 	10250 	9020 	8380 
A,HA30-49,HLD,NO	6820 	7060 	6860 	6540 	6300 	6030 	: 
A,HA30-49,HLD,PL	33920 	36970 	35310 	40440 	40390 	44350 	: 
A,HA30-49,HLD,PT	5650 	5440 	5320 	6150 	5840 	6140 	6230 
A,HA30-49,HLD,RO	5990 	6560 	8210 	8470 	7530 	16890 	18060 
A,HA30-49,HLD,RS	: 	: 	5410 	: 	: 	: 	: 
A,HA30-49,HLD,SE	9360 	8810 	8030 	7330 	6470 	5750 	5040 
A,HA30-49,HLD,SI	720 	890 	970 	1070 	1250 	1200 	: 
A,HA30-49,HLD,SK	590 	670 	700 	730 	920 	1060 	1040 
A,HA30-49,HLD,UK	27020 	26700 	24490 	23310 	23670 	: 	: 
A,HA5-9,HLD,AT	32000 	30120 	26590 	24430 	22040 	18830 	18050 
A,HA5-9,HLD,BE	6700 	6000 	5190 	4980 	4770 	4680 	: 
A,HA5-9,HLD,BG	10440 	10060 	10730 	10880 	9650 	12230 	8890 i
A,HA5-9,HLD,CH	11130 	10460 	9330 	: 	7140 	6000 	: 
A,HA5-9,HLD,CY	3110 	2780 	2030 	1770 	1680 	2010 	1750 
A,HA5-9,HLD,CZ	4720 	4500 	4180 	4940 	5180 	4390 	5760 
A,HA5-9,HLD,DE	56290 	50950 	47310 	44580 	44370 	44770 	44530 
A,HA5-9,HLD,DK	9300 	8780 	8050 	7750 	7580 	6890 	: 
A,HA5-9,HLD,EE	5570 	5120 	4070 	3970 	3490 	2910 	2680 
A,HA5-9,HLD,EL	109000 	112290 	87770 	86520 	83890 	71080 	68980 
A,HA5-9,HLD,ES	164960 	157250 	141850 	140780 	140560 	131900 	115880 i
A,HA5-9,HLD,EU27_2020	: 	1555060 	1311990 	1250270 	1238380 	1121820 	: 
A,HA5-9,HLD,FI	8750 	8540 	7970 	6130 	6610 	6140 	: 
A,HA5-9,HLD,FR	52160 	48460 	46640 	41090 	42050 	34280 	28570 
A,HA5-9,HLD,HR	: 	23880 	31390 	24690 	20080 	21340 	22430 
A,HA5-9,HLD,HU	28960 	24380 	26540 	25550 	27560 	27420 	27270 
A,HA5-9,HLD,IE	18490 	16230 	15750 	15610 	16030 	15920 	: 
A,HA5-9,HLD,IS	: 	: 	20 	: 	: 	10 	: 
A,HA5-9,HLD,IT	205880 	202560 	186150 	172900 	179960 	160130 	: 
A,HA5-9,HLD,LT	65870 	46390 	39900 	38440 	32770 	26290 	23420 i
A,HA5-9,HLD,LU	210 	210 	220 	190 	170 	160 	140 
A,HA5-9,HLD,LV	30360 	27060 	22660 	16090 	15880 	13190 	: 
A,HA5-9,HLD,ME	: 	: 	2710 	: 	: 	: 	: 
A,HA5-9,HLD,MK	: 	: 	: 	7050 	: 	: 	: 
A,HA5-9,HLD,MT	200 	260 	230 	250 	290 	220 	210 
A,HA5-9,HLD,NL	11780 	10970 	10260 	9400 	7320 	6890 	6370 
A,HA5-9,HLD,NO	10140 	8870 	8110 	7570 	7140 	6360 	: 
A,HA5-9,HLD,PL	370200 	389400 	334950 	308200 	306220 	282560 	: 
A,HA5-9,HLD,PT	36980 	33630 	33170 	31310 	30900 	32490 	30250 
A,HA5-9,HLD,RO	289580 	300000 	182440 	193870 	194200 	161020 	160950 
A,HA5-9,HLD,RS	: 	: 	90270 	: 	: 	: 	: 
A,HA5-9,HLD,SE	13430 	13170 	15820 	15830 	15490 	14800 	14600 
A,HA5-9,HLD,SI	19770 	19140 	17440 	17260 	16060 	15640 	: 
A,HA5-9,HLD,SK	1920 	2920 	2660 	2860 	3570 	3650 	3660 
A,HA5-9,HLD,UK	28070 	29010 	26850 	27250 	25790 	: 	: 
A,HA50-99,HLD,AT	7860 	8000 	8430 	8730 	8520 	9760 	10130 
A,HA50-99,HLD,BE	6700 	6810 	6780 	6530 	6870 	6790 	: 
A,HA50-99,HLD,BG	1510 	1970 	2930 	2960 	3600 	5740 	5560 i
A,HA50-99,HLD,CH	1470 	1600 	1830 	: 	2440 	2610 	: 
A,HA50-99,HLD,CY	250 	240 	220 	210 	240 	300 	250 
A,HA50-99,HLD,CZ	2150 	2310 	2420 	2460 	2450 	3030 	3380 
A,HA50-99,HLD,DE	54220 	53380 	51620 	50220 	47950 	44740 	42590 
A,HA50-99,HLD,DK	9030 	7090 	5920 	5380 	4710 	4160 	: 
A,HA50-99,HLD,EE	950 	1040 	1090 	1150 	1050 	1040 	950 
A,HA50-99,HLD,EL	5530 	5860 	5480 	5430 	4920 	4760 	4760 
A,HA50-99,HLD,ES	50130 	50100 	52470 	49960 	50480 	50490 	48830 i
A,HA50-99,HLD,EU27_2020	: 	359210 	360910 	356150 	349930 	350110 	: 
A,HA50-99,HLD,FI	10580 	10940 	10840 	10560 	9820 	9250 	: 
A,HA50-99,HLD,FR	112950 	106650 	97780 	93330 	88390 	77880 	70840 
A,HA50-99,HLD,HR	: 	1240 	2320 	2610 	3540 	2570 	2680 
A,HA50-99,HLD,HU	5650 	5660 	6410 	6590 	7280 	7980 	8730 
A,HA50-99,HLD,IE	19620 	18220 	20760 	20350 	19860 	19760 	: 
A,HA50-99,HLD,IS	: 	: 	230 	: 	: 	220 	: 
A,HA50-99,HLD,IT	25710 	27010 	29210 	30180 	29960 	32490 	: 
A,HA50-99,HLD,LT	3430 	3910 	4830 	5100 	5490 	5420 	5440 i
A,HA50-99,HLD,LU	750 	690 	640 	600 	540 	470 	440 
A,HA50-99,HLD,LV	2520 	2880 	2740 	2700 	2890 	2800 	: 
A,HA50-99,HLD,ME	: 	: 	440 	: 	: 	: 	: 
A,HA50-99,HLD,MK	: 	: 	: 	90 	: 	: 	: 
A,HA50-99,HLD,NL	8900 	9210 	9130 	9280 	9360 	9460 	9320 
A,HA50-99,HLD,NO	2370 	2690 	3020 	3230 	3550 	3970 	: 
A,HA50-99,HLD,PL	13470 	15790 	16840 	20570 	22440 	26420 	: 
A,HA50-99,HLD,PT	4670 	4390 	4360 	4660 	4700 	5550 	5840 
A,HA50-99,HLD,RO	4900 	4740 	7480 	7260 	6010 	11150 	11580 
A,HA50-99,HLD,RS	: 	: 	4390 	: 	: 	: 	: 
A,HA50-99,HLD,SE	10880 	10050 	9070 	8110 	7430 	6560 	5860 
A,HA50-99,HLD,SI	210 	290 	380 	420 	500 	550 	: 
A,HA50-99,HLD,SK	630 	740 	780 	790 	940 	1020 	1120 
A,HA50-99,HLD,UK	35670 	34910 	32990 	32250 	31470 	: 	: 
A,HA_GE250,HLD,AT	760 	740 	410 	310 	340 	220 	200 
A,HA_GE250,HLD,BE	100 	110 	130 	110 	130 	140 	: 
A,HA_GE250,HLD,BG	2230 	2420 	3190 	3460 	3400 	3650 	3640 i
A,HA_GE250,HLD,CH	: @C	10 	10 	: 	10 	10 	: 
A,HA_GE250,HLD,CY	20 	20 	10 	10 	10 	20 	30 
A,HA_GE250,HLD,CZ	2580 	2590 	2640 	2690 	2740 	2780 	2710 
A,HA_GE250,HLD,DE	7130 	7400 	7880 	8380 	8810 	9440 	9950 
A,HA_GE250,HLD,DK	1210 	1600 	1970 	2200 	2450 	2660 	: 
A,HA_GE250,HLD,EE	590 	680 	790 	820 	880 	920 	910 
A,HA_GE250,HLD,EL	230 	110 	210 	170 	160 	110 	120 
A,HA_GE250,HLD,ES	14220 	14860 	14040 	13640 	13870 	16250 	16920 i
A,HA_GE250,HLD,EU27_2020	: 	60890 	66980 	68980 	71690 	80070 	: 
A,HA_GE250,HLD,FI	100 	140 	190 	290 	370 	630 	: 
A,HA_GE250,HLD,FR	8400 	9200 	10750 	11740 	12770 	15030 	16420 
A,HA_GE250,HLD,HR	: 	130 	180 	280 	280 	300 	270 
A,HA_GE250,HLD,HU	2340 	2410 	2830 	2990 	3310 	3720 	3750 
A,HA_GE250,HLD,IE	300 	330 	430 	420 	430 	540 	: 
A,HA_GE250,HLD,IS	: 	: 	1470 	: 	: 	1260 	: 
A,HA_GE250,HLD,IT	2790 	2780 	2970 	2900 	2800 	3170 	: 
A,HA_GE250,HLD,LT	790 	970 	1180 	1420 	1550 	1740 	1800 i
A,HA_GE250,HLD,LU	20 	20 	20 	30 	30 	40 	50 
A,HA_GE250,HLD,LV	580 	720 	930 	1120 	1250 	1450 	: 
A,HA_GE250,HLD,ME	: 	: 	80 	: 	: 	: 	: 
A,HA_GE250,HLD,MK	: 	: 	: 	40 	: 	: 	: 
A,HA_GE250,HLD,NL	160 	140 	190 	180 	190 	260 	280 
A,HA_GE250,HLD,NO	10 	10 	20 	30 	30 	40 	: 
A,HA_GE250,HLD,PL	2920 	2950 	3300 	3220 	3150 	3490 	: 
A,HA_GE250,HLD,PT	2520 	2440 	2720 	2590 	2630 	2910 	2820 
A,HA_GE250,HLD,RO	5310 	5300 	7010 	6770 	6600 	6780 	6450 
A,HA_GE250,HLD,RS	: 	: 	530 	: 	: 	: 	: 
A,HA_GE250,HLD,SE	1290 	1370 	1530 	1740 	1980 	2280 	2450 
A,HA_GE250,HLD,SI	40 	30 	30 	30 	30 	30 	: 
A,HA_GE250,HLD,SK	1370 	1430 	1450 	1470 	1540 	1560 	1560 
A,HA_GE250,HLD,UK	10330 	10490 	10970 	11470 	11600 	: 	: 
A,HA_GT0_LT2,HLD,AT	18180 	19130 	16160 	14580 	13620 	7300 	5550 
A,HA_GT0_LT2,HLD,BE	6590 	5740 	4270 	1600 	1210 	1180 	: 
A,HA_GT0_LT2,HLD,BG	456620 	417390 	294960 	183640 	129910 	57250 	44060 i
A,HA_GT0_LT2,HLD,CH	3980 	4080 	3840 	: 	3340 	3240 	: 
A,HA_GT0_LT2,HLD,CY	30970 	27250 	28710 	26300 	26210 	24000 	23160 
A,HA_GT0_LT2,HLD,CZ	14170 	12550 	1980 	2700 	2710 	4110 	4690 
A,HA_GT0_LT2,HLD,DE	25650 	23560 	14260 	12010 	10720 	9570 	8820 
A,HA_GT0_LT2,HLD,DK	560 	510 	520 	310 	360 	1510 	: 
A,HA_GT0_LT2,HLD,EE	4810 	2900 	2210 	1770 	1410 	220 	260 
A,HA_GT0_LT2,HLD,EL	407610 	420480 	367160 	358970 	346830 	247350 	201830 
A,HA_GT0_LT2,HLD,ES	296490 	274710 	270280 	253410 	238920 	262840 	200080 i
A,HA_GT0_LT2,HLD,EU27_2020	: 	6441190 	5751750 	4703000 	4394810 	3733840 	: 
A,HA_GT0_LT2,HLD,FI	1730 	1730 	1440 	880 	770 	590 	: 
A,HA_GT0_LT2,HLD,FR	74620 	63870 	66580 	51590 	48200 	38220 	32140 
A,HA_GT0_LT2,HLD,HR	: 	88680 	119060 	60700 	50810 	55870 	58120 
A,HA_GT0_LT2,HLD,HU	531430 	452340 	412740 	334760 	243120 	90850 	57870 
A,HA_GT0_LT2,HLD,IE	1720 	1500 	2210 	2380 	2520 	1280 	: 
A,HA_GT0_LT2,HLD,IS	: 	: 	50 	: 	: 	30 	: 
A,HA_GT0_LT2,HLD,IT	851470 	831900 	819360 	277910 	389410 	438140 	: 
A,HA_GT0_LT2,HLD,LT	26460 	31740 	32310 	24250 	22330 	24010 	20660 i
A,HA_GT0_LT2,HLD,LU	260 	230 	200 	180 	160 	140 	130 
A,HA_GT0_LT2,HLD,LV	29050 	18500 	9590 	17630 	12370 	13790 	: 
A,HA_GT0_LT2,HLD,ME	: 	: 	35270 	: 	: 	: 	: 
A,HA_GT0_LT2,HLD,MK	: 	: 	: 	127560 	: 	: 	: 
A,HA_GT0_LT2,HLD,MT	9680 	9670 	10790 	7600 	7580 	6030 	6600 
A,HA_GT0_LT2,HLD,NL	10450 	8770 	8000 	6930 	4330 	3790 	3590 
A,HA_GT0_LT2,HLD,NO	1030 	1040 	1050 	900 	940 	1130 	: 
A,HA_GT0_LT2,HLD,PL	1207230 	1046210 	355220 	326140 	299340 	242430 	: 
A,HA_GT0_LT2,HLD,PT	156940 	127300 	152460 	121860 	117260 	136210 	114140 
A,HA_GT0_LT2,HLD,RO	2721710 	2485570 	2731730 	2589920 	2400930 	2042630 	2020710 
A,HA_GT0_LT2,HLD,RS	: 	: 	293770 	: 	: 	: 	: 
A,HA_GT0_LT2,HLD,SE	450 	700 	560 	700 	690 	750 	720 
A,HA_GT0_LT2,HLD,SI	17940 	18580 	20280 	18360 	17440 	21120 	: 
A,HA_GT0_LT2,HLD,SK	53880 	49700 	8720 	5910 	5660 	2690 	1660 
A,HA_GT0_LT2,HLD,UK	34740 	12910 	4500 	4080 	5700 	: 	: 
A,TOTAL,HLD,AT	170640 	165420 	150170 	140430 	132500 	110780 	101040 
A,TOTAL,HLD,BE	51540 	48010 	42850 	37760 	36890 	36000 	: 
A,TOTAL,HLD,BG	534610 	493130 	370490 	254410 	201280 	132740 	107630 i
A,TOTAL,HLD,CH	63630 	61760 	59070 	: 	52260 	49360 	: 
A,TOTAL,HLD,CY	45170 	40120 	38860 	35380 	34950 	34050 	32020 
A,TOTAL,HLD,CZ	42250 	39400 	22860 	26250 	26530 	28910 	33170 
A,TOTAL,HLD,DE	389880 	370480 	299130 	285030 	276120 	262780 	255010 
A,TOTAL,HLD,DK	51680 	44620 	41360 	38280 	35050 	37090 	: 
A,TOTAL,HLD,EE	27750 	23340 	19610 	19190 	16700 	11370 	10710 
A,TOTAL,HLD,EL	833590 	860150 	723060 	709500 	684950 	530730 	486000 
A,TOTAL,HLD,ES	1079420 	1043910 	989800 	965000 	945020 	914870 	802480 i
A,TOTAL,HLD,EU27_2020	: 	13581830 	12055360 	10650650 	10281350 	9070950 	: 
A,TOTAL,HLD,FI	70620 	68230 	63870 	54400 	49710 	45630 	: 
A,TOTAL,HLD,FR	567140 	527350 	516100 	472210 	456520 	393030 	360410 
A,TOTAL,HLD,HR	: 	181250 	233280 	157440 	134460 	143930 	146840 
A,TOTAL,HLD,HU	714790 	626320 	571660 	486760 	430000 	232060 	189180 
A,TOTAL,HLD,IE	132670 	128240 	139890 	139600 	137560 	130220 	: 
A,TOTAL,HLD,IS	: 	: 	2590 	: 	: 	2090 	: 
A,TOTAL,HLD,IT	1728530 	1679440 	1620880 	1010330 	1145710 	1133020 	: 
A,TOTAL,HLD,LT	252950 	230270 	199910 	171800 	150320 	132080 	119620 i
A,TOTAL,HLD,LU	2450 	2300 	2200 	2080 	1970 	1880 	1830 
A,TOTAL,HLD,LV	128670 	107750 	83390 	81800 	69930 	68980 	: 
A,TOTAL,HLD,ME	: 	: 	48870 	: 	: 	: 	: 
A,TOTAL,HLD,MK	: 	: 	: 	170880 	: 	: 	: 
A,TOTAL,HLD,MT	11070 	11020 	12530 	9360 	9310 	7650 	7980 
A,TOTAL,HLD,NL	81830 	76740 	72320 	67480 	55680 	52640 	50560 
A,TOTAL,HLD,NO	53000 	49940 	46620 	43730 	41120 	38710 	: 
A,TOTAL,HLD,PL	2476470 	2390960 	1506620 	1429010 	1410700 	1302330 	: 
A,TOTAL,HLD,PT	323920 	275080 	305270 	264420 	258980 	290230 	261500 
A,TOTAL,HLD,RO	4256150 	3931350 	3859040 	3629660 	3422030 	2887070 	2859360 
A,TOTAL,HLD,RS	: 	: 	631550 	: 	: 	: 	: 
A,TOTAL,HLD,SE	75810 	72610 	71090 	67150 	62940 	58790 	56170 
A,TOTAL,HLD,SI	77170 	75340 	74650 	72380 	69900 	72470 	: 
A,TOTAL,HLD,SK	68490 	68990 	24460 	23570 	25660 	19630 	17520 
A,TOTAL,HLD,UK	286750 	226660 	185200 	183700 	183920 	: 	: 
